id,firstName,lastName,email,gender,contactNo,country,dob
1,First Name1,Last Name1,email1@example.com,Female,123-456-7891,Country1,2023-04-06
2,First Name2,Last Name2,email2@example.com,Male,123-456-7892,Country2,2023-11-24
3,First Name3,Last Name3,email3@example.com,Female,123-456-7893,Country3,2023-11-11
4,First Name4,Last Name4,email4@example.com,Male,123-456-7894,Country4,2023-12-20
5,First Name5,Last Name5,email5@example.com,Female,123-456-7895,Country5,2023-11-07
6,First Name6,Last Name6,email6@example.com,Male,123-456-7896,Country6,2023-11-08
7,First Name7,Last Name7,email7@example.com,Female,123-456-7897,Country7,2023-02-06
8,First Name8,Last Name8,email8@example.com,Male,123-456-7898,Country8,2023-11-08
9,First Name9,Last Name9,email9@example.com,Female,123-456-7899,Country9,2023-05-29
10,First Name10,Last Name10,email10@example.com,Male,123-456-78910,Country10,2023-12-28
11,First Name11,Last Name11,email11@example.com,Female,123-456-78911,Country11,2023-09-05
12,First Name12,Last Name12,email12@example.com,Male,123-456-78912,Country12,2023-01-16
13,First Name13,Last Name13,email13@example.com,Female,123-456-78913,Country13,2023-07-22
14,First Name14,Last Name14,email14@example.com,Male,123-456-78914,Country14,2023-04-23
15,First Name15,Last Name15,email15@example.com,Female,123-456-78915,Country15,2023-09-01
16,First Name16,Last Name16,email16@example.com,Male,123-456-78916,Country16,2023-08-21
17,First Name17,Last Name17,email17@example.com,Female,123-456-78917,Country17,2023-01-15
18,First Name18,Last Name18,email18@example.com,Male,123-456-78918,Country18,2023-02-10
19,First Name19,Last Name19,email19@example.com,Female,123-456-78919,Country19,2023-03-18
20,First Name20,Last Name20,email20@example.com,Male,123-456-78920,Country20,2023-11-15
21,First Name21,Last Name21,email21@example.com,Female,123-456-78921,Country21,2023-07-17
22,First Name22,Last Name22,email22@example.com,Male,123-456-78922,Country22,2023-03-25
23,First Name23,Last Name23,email23@example.com,Female,123-456-78923,Country23,2023-09-19
24,First Name24,Last Name24,email24@example.com,Male,123-456-78924,Country24,2023-02-11
25,First Name25,Last Name25,email25@example.com,Female,123-456-78925,Country25,2023-11-01
26,First Name26,Last Name26,email26@example.com,Male,123-456-78926,Country26,2023-09-10
27,First Name27,Last Name27,email27@example.com,Female,123-456-78927,Country27,2023-10-31
28,First Name28,Last Name28,email28@example.com,Male,123-456-78928,Country28,2023-05-08
29,First Name29,Last Name29,email29@example.com,Female,123-456-78929,Country29,2023-12-16
30,First Name30,Last Name30,email30@example.com,Male,123-456-78930,Country30,2023-08-20
31,First Name31,Last Name31,email31@example.com,Female,123-456-78931,Country31,2023-07-06
32,First Name32,Last Name32,email32@example.com,Male,123-456-78932,Country32,2023-03-04
33,First Name33,Last Name33,email33@example.com,Female,123-456-78933,Country33,2023-08-30
34,First Name34,Last Name34,email34@example.com,Male,123-456-78934,Country34,2023-06-08
35,First Name35,Last Name35,email35@example.com,Female,123-456-78935,Country35,2023-07-31
36,First Name36,Last Name36,email36@example.com,Male,123-456-78936,Country36,2023-02-24
37,First Name37,Last Name37,email37@example.com,Female,123-456-78937,Country37,2023-05-18
38,First Name38,Last Name38,email38@example.com,Male,123-456-78938,Country38,2023-03-26
39,First Name39,Last Name39,email39@example.com,Female,123-456-78939,Country39,2023-12-13
40,First Name40,Last Name40,email40@example.com,Male,123-456-78940,Country40,2023-09-10
41,First Name41,Last Name41,email41@example.com,Female,123-456-78941,Country41,2023-09-21
42,First Name42,Last Name42,email42@example.com,Male,123-456-78942,Country42,2023-08-15
43,First Name43,Last Name43,email43@example.com,Female,123-456-78943,Country43,2023-07-31
44,First Name44,Last Name44,email44@example.com,Male,123-456-78944,Country44,2023-04-02
45,First Name45,Last Name45,email45@example.com,Female,123-456-78945,Country45,2023-07-05
46,First Name46,Last Name46,email46@example.com,Male,123-456-78946,Country46,2023-09-01
47,First Name47,Last Name47,email47@example.com,Female,123-456-78947,Country47,2023-02-11
48,First Name48,Last Name48,email48@example.com,Male,123-456-78948,Country48,2023-12-20
49,First Name49,Last Name49,email49@example.com,Female,123-456-78949,Country49,2023-07-11
50,First Name50,Last Name50,email50@example.com,Male,123-456-78950,Country50,2023-11-10
51,First Name51,Last Name51,email51@example.com,Female,123-456-78951,Country51,2023-09-03
52,First Name52,Last Name52,email52@example.com,Male,123-456-78952,Country52,2023-06-25
53,First Name53,Last Name53,email53@example.com,Female,123-456-78953,Country53,2023-04-07
54,First Name54,Last Name54,email54@example.com,Male,123-456-78954,Country54,2023-05-03
55,First Name55,Last Name55,email55@example.com,Female,123-456-78955,Country55,2023-02-14
56,First Name56,Last Name56,email56@example.com,Male,123-456-78956,Country56,2023-03-16
57,First Name57,Last Name57,email57@example.com,Female,123-456-78957,Country57,2023-11-16
58,First Name58,Last Name58,email58@example.com,Male,123-456-78958,Country58,2023-10-21
59,First Name59,Last Name59,email59@example.com,Female,123-456-78959,Country59,2023-04-16
60,First Name60,Last Name60,email60@example.com,Male,123-456-78960,Country60,2023-12-28
61,First Name61,Last Name61,email61@example.com,Female,123-456-78961,Country61,2023-06-28
62,First Name62,Last Name62,email62@example.com,Male,123-456-78962,Country62,2023-07-16
63,First Name63,Last Name63,email63@example.com,Female,123-456-78963,Country63,2023-09-01
64,First Name64,Last Name64,email64@example.com,Male,123-456-78964,Country64,2023-03-07
65,First Name65,Last Name65,email65@example.com,Female,123-456-78965,Country65,2023-10-09
66,First Name66,Last Name66,email66@example.com,Male,123-456-78966,Country66,2023-05-28
67,First Name67,Last Name67,email67@example.com,Female,123-456-78967,Country67,2023-02-26
68,First Name68,Last Name68,email68@example.com,Male,123-456-78968,Country68,2023-09-05
69,First Name69,Last Name69,email69@example.com,Female,123-456-78969,Country69,2023-08-29
70,First Name70,Last Name70,email70@example.com,Male,123-456-78970,Country70,2023-04-04
71,First Name71,Last Name71,email71@example.com,Female,123-456-78971,Country71,2023-09-01
72,First Name72,Last Name72,email72@example.com,Male,123-456-78972,Country72,2023-06-06
73,First Name73,Last Name73,email73@example.com,Female,123-456-78973,Country73,2023-02-24
74,First Name74,Last Name74,email74@example.com,Male,123-456-78974,Country74,2023-07-13
75,First Name75,Last Name75,email75@example.com,Female,123-456-78975,Country75,2023-01-18
76,First Name76,Last Name76,email76@example.com,Male,123-456-78976,Country76,2023-09-07
77,First Name77,Last Name77,email77@example.com,Female,123-456-78977,Country77,2023-11-05
78,First Name78,Last Name78,email78@example.com,Male,123-456-78978,Country78,2023-10-26
79,First Name79,Last Name79,email79@example.com,Female,123-456-78979,Country79,2023-11-26
80,First Name80,Last Name80,email80@example.com,Male,123-456-78980,Country80,2023-06-09
81,First Name81,Last Name81,email81@example.com,Female,123-456-78981,Country81,2023-03-29
82,First Name82,Last Name82,email82@example.com,Male,123-456-78982,Country82,2023-10-15
83,First Name83,Last Name83,email83@example.com,Female,123-456-78983,Country83,2023-04-12
84,First Name84,Last Name84,email84@example.com,Male,123-456-78984,Country84,2023-07-20
85,First Name85,Last Name85,email85@example.com,Female,123-456-78985,Country85,2023-03-17
86,First Name86,Last Name86,email86@example.com,Male,123-456-78986,Country86,2023-11-27
87,First Name87,Last Name87,email87@example.com,Female,123-456-78987,Country87,2023-01-16
88,First Name88,Last Name88,email88@example.com,Male,123-456-78988,Country88,2023-11-16
89,First Name89,Last Name89,email89@example.com,Female,123-456-78989,Country89,2023-05-02
90,First Name90,Last Name90,email90@example.com,Male,123-456-78990,Country90,2023-12-02
91,First Name91,Last Name91,email91@example.com,Female,123-456-78991,Country91,2023-11-19
92,First Name92,Last Name92,email92@example.com,Male,123-456-78992,Country92,2023-07-18
93,First Name93,Last Name93,email93@example.com,Female,123-456-78993,Country93,2023-01-03
94,First Name94,Last Name94,email94@example.com,Male,123-456-78994,Country94,2023-02-13
95,First Name95,Last Name95,email95@example.com,Female,123-456-78995,Country95,2023-03-30
96,First Name96,Last Name96,email96@example.com,Male,123-456-78996,Country96,2023-12-06
97,First Name97,Last Name97,email97@example.com,Female,123-456-78997,Country97,2023-11-22
98,First Name98,Last Name98,email98@example.com,Male,123-456-78998,Country98,2023-11-18
99,First Name99,Last Name99,email99@example.com,Female,123-456-78999,Country99,2023-05-07
100,First Name100,Last Name100,email100@example.com,Male,123-456-789100,Country100,2023-12-15
